velo_in,temp_in,len_data,r_frac,mae_frac,rmse_frac,ia_frac,u95_frac,mre_frac,r_temp,mae_temp,rmse_temp,ia_temp,u95_temp,mre_temp
0.7,85.0,47.0,0.9999338232515793,0.003480846531914898,0.004731516846513625,0.9999506172410152,0.013114260627515476,0.14220878312468968,0.9998911555306744,0.2475963404255323,0.29743606361711145,0.9998449055972236,0.7045927704626972,0.004906061602266124
0.7,90.0,44.0,0.9998508527583229,0.009553022766363625,0.01037548207453133,0.9997636320788279,0.025046440320093375,4.527243636363636e+26,0.9997542158303043,0.31550140909091007,0.3441216483143591,0.9998305745516726,0.9380719331581329,0.005681396853242122
0.7,95.0,41.0,0.9997796319245004,0.014736069260975607,0.015964747696328545,0.9994335600895392,0.037823480321786784,1.103187487804878e+28,0.9995898802375932,0.37569292682926814,0.4285250473154772,0.999774146881724,1.1807106186620524,0.006443660403910486
